,precision,recall,f1-score,support
Defect 1,0.926553672,0.822055138,0.871181939,798
Defect 2,0.954293629,0.86232791,0.905982906,799
Defect3,0.929176289,0.91301059,0.92102251,1322
Defect 4,0,0,0,622
Defect 5,0,0,0,638
PASS,0.869487242,0.985676,0.923943174,10821
accuracy,0.8812,,,
macro avg,0.613251805,0.597178273,0.603688422,15000
weighted avg,0.809264196,0.8812,0.842310958,15000
