Max depth,Accuracy,Mean Absolute Error (degrees)
1,0.7214,0.87
2,0.7925333333333333,0.61
3,0.7969333333333334,0.61
4,0.8244,0.46
5,0.8436,0.38
6,0.8672666666666666,0.3
7,0.8811333333333333,0.26
8,0.8812666666666666,0.26
9,0.8801333333333333,0.26
10,0.8786,0.26
11,0.8737333333333334,0.27
12,0.8676,0.29
13,0.8612666666666666,0.3
14,0.8524666666666667,0.32
15,0.8448666666666667,0.34
